<?xml version="1.0"?>
<data grt_format="2.0">
  <value _ptr_="000001F36E2797C0" type="list" content-type="object" content-struct-name="db.mgmt.Connection">
    <value type="object" struct-name="db.mgmt.Connection" id="{E15FEBD2-AAB1-4C4B-BB32-340D87E0290F}" struct-checksum="0x96ba47d8">
      <link type="object" struct-name="db.mgmt.Driver" key="driver">com.mysql.rdbms.mysql.driver.native</link>
      <value type="string" key="hostIdentifier">Mysql@localhost:3306</value>
      <value type="int" key="isDefault">0</value>
      <value _ptr_="000001F373908D80" type="dict" key="modules"/>
      <value _ptr_="000001F373908B40" type="dict" key="parameterValues">
        <value type="string" key="hostName">localhost</value>
        <value type="int" key="port">3306</value>
        <value type="string" key="userName">root</value>
      </value>
      <value type="string" key="name">Local instance MySQL57</value>
    </value>
  </value>
</data>
