<?xml version="1.0"?>
<data grt_format="2.0">
  <value _ptr_="000001F36E278870" type="list" content-type="object" content-struct-name="db.mgmt.ServerInstance">
    <value type="object" struct-name="db.mgmt.ServerInstance" id="{756D5F13-653D-4017-BAA7-F7520F60EA0E}" struct-checksum="0x367436e2">
      <link type="object" struct-name="db.mgmt.Connection" key="connection">{E15FEBD2-AAB1-4C4B-BB32-340D87E0290F}</link>
      <value _ptr_="000001F373907B20" type="dict" key="loginInfo">
        <value type="string" key="wmi.hostName"></value>
        <value type="string" key="wmi.userName"></value>
      </value>
      <value _ptr_="000001F373908CC0" type="dict" key="serverInfo">
        <value type="int" key="setupPending">1</value>
        <value type="string" key="sys.config.path">C:\ProgramData\MySQL\MySQL Server 5.7\my.ini</value>
        <value type="int" key="sys.config.path.lock">1</value>
        <value type="string" key="sys.config.section">mysqld</value>
        <value type="string" key="sys.mysqld.service_name">MySQL57</value>
        <value type="string" key="sys.preset">Custom</value>
        <value type="string" key="sys.system">Windows</value>
        <value type="int" key="windowsAdmin">1</value>
      </value>
      <value type="string" key="name">Local MySQL57</value>
      <link type="object" struct-name="GrtObject" key="owner">{8725E7C7-3ED9-4974-AF63-B08C4E5CA99A}</link>
    </value>
    <value type="object" struct-name="db.mgmt.ServerInstance" id="{7A9BDEA9-6017-48C2-90FD-332534AFD3D6}" struct-checksum="0x367436e2">
      <link type="object" struct-name="db.mgmt.Connection" key="connection">{3C266D4F-731F-4C89-A27E-CAB8814BAD8E}</link>
      <value _ptr_="000001F373877A20" type="dict" key="loginInfo">
        <value type="string" key="ssh.hostName"></value>
        <value type="string" key="ssh.key">C:\Users\Abdenour\AppData\Roaming/.ssh/ssh_private_key</value>
        <value type="string" key="ssh.localPort">3306</value>
        <value type="int" key="ssh.useKey">0</value>
        <value type="string" key="ssh.userName">mysql</value>
      </value>
      <value _ptr_="000001F373878860" type="dict" key="serverInfo">
        <value type="string" key="serverVersion">5.7</value>
        <value type="int" key="setupPending">1</value>
        <value type="string" key="sys.config.path">%ProgramData%\MySQL\MySQL Server 5.7\my.ini</value>
        <value type="string" key="sys.config.section">mysqld</value>
        <value type="string" key="sys.mysqld.service_name">MySQL57</value>
        <value type="string" key="sys.mysqld.start">sc start mysql</value>
        <value type="string" key="sys.mysqld.stop">sc stop mysql</value>
        <value type="string" key="sys.system">Windows</value>
        <value type="int" key="sys.usesudo">1</value>
        <value type="int" key="windowsAdmin">1</value>
      </value>
      <value type="string" key="name"></value>
      <link type="object" struct-name="GrtObject" key="owner">{8725E7C7-3ED9-4974-AF63-B08C4E5CA99A}</link>
    </value>
  </value>
</data>
